name,hostelid,city,url
Planet Traveler Hostel,48151,Toronto,https://www.hostelworld.com/hosteldetails.php/Planet-Traveler-Hostel/Toronto/48151
HI Toronto,3856,Toronto,https://www.hostelworld.com/hosteldetails.php/HI-Toronto/Toronto/3856
College Backpackers,92762,Toronto,https://www.hostelworld.com/hosteldetails.php/College-Backpackers/Toronto/92762
All Days Hostel,42418,Toronto,https://www.hostelworld.com/hosteldetails.php/All-Days-Hostel/Toronto/42418
The Clarence Park,71032,Toronto,https://www.hostelworld.com/hosteldetails.php/The-Clarence-Park/Toronto/71032
Two Peas Pod Hostel,285849,Toronto,https://www.hostelworld.com/hosteldetails.php/Two-Peas-Pod-Hostel/Toronto/285849
The Parkdale Hostellerie,283311,Toronto,https://www.hostelworld.com/hosteldetails.php/The-Parkdale-Hostellerie/Toronto/283311
The Only Backpacker's Inn,49758,Toronto,https://www.hostelworld.com/hosteldetails.php/The-Only-Backpacker-s-Inn/Toronto/49758
Rex Hotel,284128,Toronto,https://www.hostelworld.com/hosteldetails.php/Rex-Hotel/Toronto/284128
Hostel Toronto,282602,Toronto,https://www.hostelworld.com/hosteldetails.php/Hostel-Toronto/Toronto/282602
West Queen West Hotel,274415,Toronto,https://www.hostelworld.com/hosteldetails.php/West-Queen-West-Hotel/Toronto/274415
Alexandra Hotel,9972,Toronto,https://www.hostelworld.com/hosteldetails.php/Alexandra-Hotel/Toronto/9972
St. Lawrence Residences & Suites,266617,Toronto,https://www.hostelworld.com/hosteldetails.php/St-Lawrence-Residences-and-Suites/Toronto/266617
Comfy Guest House and Suite,34340,Toronto,https://www.hostelworld.com/hosteldetails.php/Comfy-Guest-House-and-Suite/Toronto/34340
Ada's Guesthouse,68735,Toronto,https://www.hostelworld.com/hosteldetails.php/Ada-s-Guesthouse/Toronto/68735
Keppner Guesthouse,67775,Toronto,https://www.hostelworld.com/hosteldetails.php/Keppner-Guesthouse/Toronto/67775
Arty Paris Porte de Versailles by Hiphophostels,64845,Paris,https://www.hostelworld.com/hosteldetails.php/Arty-Paris-Porte-de-Versailles-by-Hiphophostels/Paris/64845
Vintage Paris Gare du Nord by Hiphophostels,34761,Paris,https://www.hostelworld.com/hosteldetails.php/Vintage-Paris-Gare-du-Nord-by-Hiphophostels/Paris/34761
Le Regent Montmartre by Hiphophostels,40614,Paris,https://www.hostelworld.com/hosteldetails.php/Le-Regent-Montmartre-by-Hiphophostels/Paris/40614
St Christopher's Inn Canal,19865,Paris,https://www.hostelworld.com/hosteldetails.php/St-Christopher-s-Inn-Canal/Paris/19865
Les Piaules,100113,Paris,https://www.hostelworld.com/hosteldetails.php/Les-Piaules/Paris/100113
Plug Inn Montmartre by Hiphophostels,40840,Paris,https://www.hostelworld.com/hosteldetails.php/Plug-Inn-Montmartre-by-Hiphophostels/Paris/40840
St Christopher's Inn Gare du Nord,72963,Paris,https://www.hostelworld.com/hosteldetails.php/St-Christopher-s-Inn-Gare-du-Nord/Paris/72963
Le Montclair Montmartre by Hiphophostels,1399,Paris,https://www.hostelworld.com/hosteldetails.php/Le-Montclair-Montmartre-by-Hiphophostels/Paris/1399
Generator Paris,92198,Paris,https://www.hostelworld.com/hosteldetails.php/Generator-Paris/Paris/92198
FIAP Jean Monnet,20653,Paris,https://www.hostelworld.com/hosteldetails.php/FIAP-Jean-Monnet/Paris/20653
The 3 Ducks Eiffel Tower by Hiphophostels,600,Paris,https://www.hostelworld.com/hosteldetails.php/The-3-Ducks-Eiffel-Tower-by-Hiphophostels/Paris/600
Enjoy Hostel,267345,Paris,https://www.hostelworld.com/hosteldetails.php/Enjoy-Hostel/Paris/267345
MIJE Fourcy Fauconnier Maubuisson,265100,Paris,https://www.hostelworld.com/hosteldetails.php/MIJE-Fourcy-Fauconnier-Maubuisson/Paris/265100
The Loft Boutique Hostel Paris by Hiphophostels,63087,Paris,https://www.hostelworld.com/hosteldetails.php/The-Loft-Boutique-Hostel-Paris-by-Hiphophostels/Paris/63087
Perfect Hostel,14156,Paris,https://www.hostelworld.com/hosteldetails.php/Perfect-Hostel/Paris/14156
Woodstock Montmartre by Hiphophostels,602,Paris,https://www.hostelworld.com/hosteldetails.php/Woodstock-Montmartre-by-Hiphophostels/Paris/602
Hotel Andre Gill,29,Paris,https://www.hostelworld.com/hosteldetails.php/Hotel-Andre-Gill/Paris/29
Le Village Montmartre by Hiphophostels,606,Paris,https://www.hostelworld.com/hosteldetails.php/Le-Village-Montmartre-by-Hiphophostels/Paris/606
Hotel Montmartre Clignancourt,23291,Paris,https://www.hostelworld.com/hosteldetails.php/Hotel-Montmartre-Clignancourt/Paris/23291
Oops Latin Quarter by Hiphophostels,22773,Paris,https://www.hostelworld.com/hosteldetails.php/Oops-Latin-Quarter-by-Hiphophostels/Paris/22773
Aloha Eiffel Tower by Hiphophostels,601,Paris,https://www.hostelworld.com/hosteldetails.php/Aloha-Eiffel-Tower-by-Hiphophostels/Paris/601
L'Hotel Particulier,37116,Paris,https://www.hostelworld.com/hosteldetails.php/L-Hotel-Particulier/Paris/37116
Young & Happy Latin Quarter by Hiphophostels,607,Paris,https://www.hostelworld.com/hosteldetails.php/Young-and-Happy-Latin-Quarter-by-Hiphophostels/Paris/607
Peace & Love Hostel,2303,Paris,https://www.hostelworld.com/hosteldetails.php/Peace-and-Love-Hostel/Paris/2303
Yooma Urban Lodge,276091,Paris,https://www.hostelworld.com/hosteldetails.php/Yooma-Urban-Lodge/Paris/276091
Hotel Bonsejour Montmartre,19538,Paris,https://www.hostelworld.com/hosteldetails.php/Hotel-Bonsejour-Montmartre/Paris/19538
BVJ Champs-Elysées,84994,Paris,https://www.hostelworld.com/hosteldetails.php/BVJ-Champs-Elysees/Paris/84994
Absolute Paris Boutique Hostel,7276,Paris,https://www.hostelworld.com/hosteldetails.php/Absolute-Paris-Boutique-Hostel/Paris/7276
Caulaincourt Montmartre by Hiphophostels,2193,Paris,https://www.hostelworld.com/hosteldetails.php/Caulaincourt-Montmartre-by-Hiphophostels/Paris/2193
Adveniat Paris,271889,Paris,https://www.hostelworld.com/hosteldetails.php/Adveniat-Paris/Paris/271889
Smart Place Paris Gare du Nord by Hiphophostels,4887,Paris,https://www.hostelworld.com/hosteldetails.php/Smart-Place-Paris-Gare-du-Nord-by-Hiphophostels/Paris/4887
Hotel Darcet Paris,79010,Paris,https://www.hostelworld.com/hosteldetails.php/Hotel-Darcet-Paris/Paris/79010
Auberge Internationale des Jeunes,75279,Paris,https://www.hostelworld.com/hosteldetails.php/Auberge-Internationale-des-Jeunes/Paris/75279
BVJ Opera-Montmartre,82165,Paris,https://www.hostelworld.com/hosteldetails.php/BVJ-Opera-Montmartre/Paris/82165
Boissiere,1651,Paris,https://www.hostelworld.com/hosteldetails.php/Boissiere/Paris/1651
Bastille Hostel,263338,Paris,https://www.hostelworld.com/hosteldetails.php/Bastille-Hostel/Paris/263338
Eurohotel St Denis,36568,Paris,https://www.hostelworld.com/hosteldetails.php/Eurohotel-St-Denis/Paris/36568
Luna-Park Hotel,15767,Paris,https://www.hostelworld.com/hosteldetails.php/Luna-Park-Hotel/Paris/15767
Hotel Gerando,47,Paris,https://www.hostelworld.com/hosteldetails.php/Hotel-Gerando/Paris/47
Hotel des Arts,12636,Paris,https://www.hostelworld.com/hosteldetails.php/Hotel-des-Arts/Paris/12636
Pariscoree,95918,Paris,https://www.hostelworld.com/hosteldetails.php/Pariscoree/Paris/95918
Hotel Du Globe,99002,Paris,https://www.hostelworld.com/hosteldetails.php/Hotel-Du-Globe/Paris/99002
Hotel Le Terrage,16776,Paris,https://www.hostelworld.com/hosteldetails.php/Hotel-Le-Terrage/Paris/16776
Cafe Hotel de l'avenir,65184,Paris,https://www.hostelworld.com/hosteldetails.php/Cafe-Hotel-de-l-avenir/Paris/65184
Trendy Hostel,93804,Paris,https://www.hostelworld.com/hosteldetails.php/Trendy-Hostel/Paris/93804
Hipotel Paris Belleville,17136,Paris,https://www.hostelworld.com/hosteldetails.php/Hipotel-Paris-Belleville/Paris/17136
Hotel France Albion,2952,Paris,https://www.hostelworld.com/hosteldetails.php/Hotel-France-Albion/Paris/2952
Hipotel Belgrand,78381,Paris,https://www.hostelworld.com/hosteldetails.php/Hipotel-Belgrand/Paris/78381
Liberty Hotel Paris,8495,Paris,https://www.hostelworld.com/hosteldetails.php/Liberty-Hotel-Paris/Paris/8495
The Student Hotel Paris La Défense,97246,Paris,https://www.hostelworld.com/hosteldetails.php/The-Student-Hotel-Paris-La-Defense/Paris/97246
Chez Godo,45870,Paris,https://www.hostelworld.com/hosteldetails.php/Chez-Godo/Paris/45870
Hotel Marignan,14256,Paris,https://www.hostelworld.com/hosteldetails.php/Hotel-Marignan/Paris/14256
Hotel de la Terrasse,8879,Paris,https://www.hostelworld.com/hosteldetails.php/Hotel-de-la-Terrasse/Paris/8879
Hotel D'Amiens,9100,Paris,https://www.hostelworld.com/hosteldetails.php/Hotel-D-Amiens/Paris/9100
Princesse Isabelle,280490,Paris,https://www.hostelworld.com/hosteldetails.php/Princesse-Isabelle/Paris/280490
Apparteo Paris 13,100064,Paris,https://www.hostelworld.com/hosteldetails.php/Apparteo-Paris-13/Paris/100064
JP House,277252,Paris,https://www.hostelworld.com/hosteldetails.php/JP-House/Paris/277252
Mary's Hotel,7810,Paris,https://www.hostelworld.com/hosteldetails.php/Mary-s-Hotel/Paris/7810
Hotel des Olympiades,3231,Paris,https://www.hostelworld.com/hosteldetails.php/Hotel-des-Olympiades/Paris/3231
Hotel du Square d'Anvers,71548,Paris,https://www.hostelworld.com/hosteldetails.php/Hotel-du-Square-d-Anvers/Paris/71548
Hotel Beaugrenelle Saint-Charles,14103,Paris,https://www.hostelworld.com/hosteldetails.php/Hotel-Beaugrenelle-Saint-Charles/Paris/14103
Grand Hotel de Clermont,68304,Paris,https://www.hostelworld.com/hosteldetails.php/Grand-Hotel-de-Clermont/Paris/68304
Hotel des Mines,5593,Paris,https://www.hostelworld.com/hosteldetails.php/Hotel-des-Mines/Paris/5593
Hôtel du Globe 18,267576,Paris,https://www.hostelworld.com/hosteldetails.php/Hotel-du-Globe-18/Paris/267576
Hotel Hipotel Paris Hippodrome,29790,Paris,https://www.hostelworld.com/hosteldetails.php/Hotel-Hipotel-Paris-Hippodrome/Paris/29790
Hotel Angleterre Etoile,13885,Paris,https://www.hostelworld.com/hosteldetails.php/Hotel-Angleterre-Etoile/Paris/13885
Hotel Maubeuge,40955,Paris,https://www.hostelworld.com/hosteldetails.php/Hotel-Maubeuge/Paris/40955
Hotel Mogador,265640,Paris,https://www.hostelworld.com/hosteldetails.php/Hotel-Mogador/Paris/265640
Hotel Eiffel Rive Gauche,57044,Paris,https://www.hostelworld.com/hosteldetails.php/Hotel-Eiffel-Rive-Gauche/Paris/57044
Hotel Opera Frochot,71099,Paris,https://www.hostelworld.com/hosteldetails.php/Hotel-Opera-Frochot/Paris/71099
Modern Hotel,15378,Paris,https://www.hostelworld.com/hosteldetails.php/Modern-Hotel/Paris/15378
Paris Hotel Le Mediterraneen,32759,Paris,https://www.hostelworld.com/hosteldetails.php/Paris-Hotel-Le-Mediterraneen/Paris/32759
Hotel Parc Even,31689,Paris,https://www.hostelworld.com/hosteldetails.php/Hotel-Parc-Even/Paris/31689
Hotel Le Villiers,61335,Paris,https://www.hostelworld.com/hosteldetails.php/Hotel-Le-Villiers/Paris/61335
Hotel Louvre Marsollier Opera,3053,Paris,https://www.hostelworld.com/hosteldetails.php/Hotel-Louvre-Marsollier-Opera/Paris/3053
Hotel Viator,10100,Paris,https://www.hostelworld.com/hosteldetails.php/Hotel-Viator/Paris/10100
Hotel Hippodrome Montmartre,615,Paris,https://www.hostelworld.com/hosteldetails.php/Hotel-Hippodrome-Montmartre/Paris/615
Kyriad Italie Gobelins,3213,Paris,https://www.hostelworld.com/hosteldetails.php/Kyriad-Italie-Gobelins/Paris/3213
Hotel Rachel,102269,Paris,https://www.hostelworld.com/hosteldetails.php/Hotel-Rachel/Paris/102269
Korner Eiffel Hotel,3091,Paris,https://www.hostelworld.com/hosteldetails.php/Korner-Eiffel-Hotel/Paris/3091
Hotel Le Rocroy *** Gare du Nord,35200,Paris,https://www.hostelworld.com/hosteldetails.php/Hotel-Le-Rocroy-Gare-du-Nord/Paris/35200
Residence Courcelle,88926,Paris,https://www.hostelworld.com/hosteldetails.php/Residence-Courcelle/Paris/88926
Hotel Residence Villiers,36824,Paris,https://www.hostelworld.com/hosteldetails.php/Hotel-Residence-Villiers/Paris/36824
Hotel Floridor Etoile,47756,Paris,https://www.hostelworld.com/hosteldetails.php/Hotel-Floridor-Etoile/Paris/47756
Hotel Luxia,6091,Paris,https://www.hostelworld.com/hosteldetails.php/Hotel-Luxia/Paris/6091
Hotel Audran,35618,Paris,https://www.hostelworld.com/hosteldetails.php/Hotel-Audran/Paris/35618
Hotel Paris Saint-Honore,68216,Paris,https://www.hostelworld.com/hosteldetails.php/Hotel-Paris-Saint-Honore/Paris/68216
Cecilia's Guest House,23570,Paris,https://www.hostelworld.com/hosteldetails.php/Cecilia-s-Guest-House/Paris/23570
Handcircle,79988,Paris,https://www.hostelworld.com/hosteldetails.php/Handcircle/Paris/79988
Sully Hotel,71635,Paris,https://www.hostelworld.com/hosteldetails.php/Sully-Hotel/Paris/71635
Hotel de l'Europe,1653,Paris,https://www.hostelworld.com/hosteldetails.php/Hotel-de-l-Europe/Paris/1653
Grand Hotel Clichy,275336,Paris,https://www.hostelworld.com/hosteldetails.php/Grand-Hotel-Clichy/Paris/275336
Avalon Hotel Paris *** Gare du Nord,15381,Paris,https://www.hostelworld.com/hosteldetails.php/Avalon-Hotel-Paris-Gare-du-Nord/Paris/15381
Hotel Prince Monceau,7052,Paris,https://www.hostelworld.com/hosteldetails.php/Hotel-Prince-Monceau/Paris/7052
Hotel Alizé Montmartre,269550,Paris,https://www.hostelworld.com/hosteldetails.php/Hotel-Alize-Montmartre/Paris/269550
Hotel Ermitage,3485,Paris,https://www.hostelworld.com/hosteldetails.php/Hotel-Ermitage/Paris/3485
Hotel Reseda,13175,Paris,https://www.hostelworld.com/hosteldetails.php/Hotel-Reseda/Paris/13175
Corona Rodier,282243,Paris,https://www.hostelworld.com/hosteldetails.php/Corona-Rodier/Paris/282243
Hôtel Brasserie Tréma,101535,Paris,https://www.hostelworld.com/hosteldetails.php/Hotel-Brasserie-Trema/Paris/101535
Hotel Beaunier,37,Paris,https://www.hostelworld.com/hosteldetails.php/Hotel-Beaunier/Paris/37
Garden Opera,5073,Paris,https://www.hostelworld.com/hosteldetails.php/Garden-Opera/Paris/5073
Avenir Hotel,1656,Paris,https://www.hostelworld.com/hosteldetails.php/Avenir-Hotel/Paris/1656
Hotel Clarisse,3049,Paris,https://www.hostelworld.com/hosteldetails.php/Hotel-Clarisse/Paris/3049
Luxelthe Hotel,88275,Paris,https://www.hostelworld.com/hosteldetails.php/Luxelthe-Hotel/Paris/88275
Hotel de la Felicite,12782,Paris,https://www.hostelworld.com/hosteldetails.php/Hotel-de-la-Felicite/Paris/12782
Hipotel Paris Buttes Chaumont,71253,Paris,https://www.hostelworld.com/hosteldetails.php/Hipotel-Paris-Buttes-Chaumont/Paris/71253
Hotel Paris Bruxelles - Paris,66870,Paris,https://www.hostelworld.com/hosteldetails.php/Hotel-Paris-Bruxelles-Paris/Paris/66870
Grand Hotel Magenta,8640,Paris,https://www.hostelworld.com/hosteldetails.php/Grand-Hotel-Magenta/Paris/8640
Hotel Riviera,36756,Paris,https://www.hostelworld.com/hosteldetails.php/Hotel-Riviera/Paris/36756
Hotel Beaugrenelle Tour Eiffel,8712,Paris,https://www.hostelworld.com/hosteldetails.php/Hotel-Beaugrenelle-Tour-Eiffel/Paris/8712
Adonis Sacre Coeur Hotel Roma,263702,Paris,https://www.hostelworld.com/hosteldetails.php/Adonis-Sacre-Coeur-Hotel-Roma/Paris/263702
Hotel de l'Exposition,68778,Paris,https://www.hostelworld.com/hosteldetails.php/Hotel-de-l-Exposition/Paris/68778
Beautiful City Hostel,82055,Paris,https://www.hostelworld.com/hosteldetails.php/Beautiful-City-Hostel/Paris/82055
Best Western Le 18 Paris,265653,Paris,https://www.hostelworld.com/hosteldetails.php/Best-Western-Le-18-Paris/Paris/265653
Hotel Voltaire Republique,5136,Paris,https://www.hostelworld.com/hosteldetails.php/Hotel-Voltaire-Republique/Paris/5136
GOLDHOTEL,40193,Paris,https://www.hostelworld.com/hosteldetails.php/GOLDHOTEL/Paris/40193
Hotel Bervic Montmartre,98715,Paris,https://www.hostelworld.com/hosteldetails.php/Hotel-Bervic-Montmartre/Paris/98715
Hotel Cordelia,270855,Paris,https://www.hostelworld.com/hosteldetails.php/Hotel-Cordelia/Paris/270855
Hôtel de la Comète,265099,Paris,https://www.hostelworld.com/hosteldetails.php/Hotel-de-la-Comete/Paris/265099
Hotel Edouard VI,13852,Paris,https://www.hostelworld.com/hosteldetails.php/Hotel-Edouard-VI/Paris/13852
Hotel Briand,16357,Paris,https://www.hostelworld.com/hosteldetails.php/Hotel-Briand/Paris/16357
Hotel Regina,79318,Paris,https://www.hostelworld.com/hosteldetails.php/Hotel-Regina/Paris/79318
Villa des Princes,605,Paris,https://www.hostelworld.com/hosteldetails.php/Villa-des-Princes/Paris/605
Classics Hôtel Porte de Versailles,67619,Paris,https://www.hostelworld.com/hosteldetails.php/Classics-Hotel-Porte-de-Versailles/Paris/67619
Neuilly Park Hotel Porte Maillot,13853,Paris,https://www.hostelworld.com/hosteldetails.php/Neuilly-Park-Hotel-Porte-Maillot/Paris/13853
Hotel Altona**,3393,Paris,https://www.hostelworld.com/hosteldetails.php/Hotel-Altona/Paris/3393
Hotel des Buttes Chaumont,97555,Paris,https://www.hostelworld.com/hosteldetails.php/Hotel-des-Buttes-Chaumont/Paris/97555
Hotel Alize Grenelle Tour Eiffel,14070,Paris,https://www.hostelworld.com/hosteldetails.php/Hotel-Alize-Grenelle-Tour-Eiffel/Paris/14070
Le Clos d’Alesia,64552,Paris,https://www.hostelworld.com/hosteldetails.php/Le-Clos-dAlesia/Paris/64552
Hotel Chemin Vert,68419,Paris,https://www.hostelworld.com/hosteldetails.php/Hotel-Chemin-Vert/Paris/68419
Hotel Montparnasse Saint Germain,87352,Paris,https://www.hostelworld.com/hosteldetails.php/Hotel-Montparnasse-Saint-Germain/Paris/87352
Auberge Flora,72516,Paris,https://www.hostelworld.com/hosteldetails.php/Auberge-Flora/Paris/72516
Hotel International,274602,Paris,https://www.hostelworld.com/hosteldetails.php/Hotel-International/Paris/274602
Best Western Nouvel Orleans Montparnasse,71785,Paris,https://www.hostelworld.com/hosteldetails.php/Best-Western-Nouvel-Orleans-Montparnasse/Paris/71785
Avalon Appart’Hotel Paris Gare du Nord,37875,Paris,https://www.hostelworld.com/hosteldetails.php/Avalon-AppartHotel-Paris-Gare-du-Nord/Paris/37875
Hôtel des Deux Avenues,40815,Paris,https://www.hostelworld.com/hosteldetails.php/Hotel-des-Deux-Avenues/Paris/40815
Hotel Yllen Eiffel***,27,Paris,https://www.hostelworld.com/hosteldetails.php/Hotel-Yllen-Eiffel/Paris/27
Hotel de l'Union,99006,Paris,https://www.hostelworld.com/hosteldetails.php/Hotel-de-l-Union/Paris/99006
Hotel Richard,2600,Paris,https://www.hostelworld.com/hosteldetails.php/Hotel-Richard/Paris/2600
Le Glam’s Hôtel,21903,Paris,https://www.hostelworld.com/hosteldetails.php/Le-Glams-Hotel/Paris/21903
Hotel Tamaris,35442,Paris,https://www.hostelworld.com/hosteldetails.php/Hotel-Tamaris/Paris/35442
Hotel Opera Vivaldi 3***,29730,Paris,https://www.hostelworld.com/hosteldetails.php/Hotel-Opera-Vivaldi-3/Paris/29730
Hotel Claude Bernard Saint Germain,93935,Paris,https://www.hostelworld.com/hosteldetails.php/Hotel-Claude-Bernard-Saint-Germain/Paris/93935
Hotel Arc de Triomphe Etoile,275335,Paris,https://www.hostelworld.com/hosteldetails.php/Hotel-Arc-de-Triomphe-Etoile/Paris/275335
Champerret Elysees Hotel,79837,Paris,https://www.hostelworld.com/hosteldetails.php/Champerret-Elysees-Hotel/Paris/79837
Elysées Opera Hotel,79838,Paris,https://www.hostelworld.com/hosteldetails.php/Elysees-Opera-Hotel/Paris/79838
Hotel Nation Montmartre,67992,Paris,https://www.hostelworld.com/hosteldetails.php/Hotel-Nation-Montmartre/Paris/67992
Hotel Comete Paris,265264,Paris,https://www.hostelworld.com/hosteldetails.php/Hotel-Comete-Paris/Paris/265264
Hotel Villa Glamour,68641,Paris,https://www.hostelworld.com/hosteldetails.php/Hotel-Villa-Glamour/Paris/68641
Best Western Quartier latin Panthéon,77168,Paris,https://www.hostelworld.com/hosteldetails.php/Best-Western-Quartier-latin-Pantheon/Paris/77168
Hotel Bristol Republique,264520,Paris,https://www.hostelworld.com/hosteldetails.php/Hotel-Bristol-Republique/Paris/264520
Rest Up London,62036,London,https://www.hostelworld.com/hosteldetails.php/Rest-Up-London/London/62036
Generator Hostel London,510,London,https://www.hostelworld.com/hosteldetails.php/Generator-Hostel-London/London/510
Wombats City Hostel London,88047,London,https://www.hostelworld.com/hosteldetails.php/Wombats-City-Hostel-London/London/88047
Clink78,21954,London,https://www.hostelworld.com/hosteldetails.php/Clink78/London/21954
Hostel One Camden,283734,London,https://www.hostelworld.com/hosteldetails.php/Hostel-One-Camden/London/283734
SoHostel,92473,London,https://www.hostelworld.com/hosteldetails.php/SoHostel/London/92473
Safestay London Elephant & Castle,55551,London,https://www.hostelworld.com/hosteldetails.php/Safestay-London-Elephant-and-Castle/London/55551
Palmers Lodge - Hillspring at Willesden Green,36345,London,https://www.hostelworld.com/hosteldetails.php/Palmers-Lodge-Hillspring-at-Willesden-Green/London/36345
Palmers Lodge - Swiss Cottage,14348,London,https://www.hostelworld.com/hosteldetails.php/Palmers-Lodge-Swiss-Cottage/London/14348
Clink261,516,London,https://www.hostelworld.com/hosteldetails.php/Clink261/London/516
Hostel One Notting Hill,291433,London,https://www.hostelworld.com/hosteldetails.php/Hostel-One-Notting-Hill/London/291433
Astor Museum Inn,520,London,https://www.hostelworld.com/hosteldetails.php/Astor-Museum-Inn/London/520
St Christopher's Village,502,London,https://www.hostelworld.com/hosteldetails.php/St-Christopher-s-Village/London/502
Astor Victoria,524,London,https://www.hostelworld.com/hosteldetails.php/Astor-Victoria/London/524
Keystone House Kings Cross,43465,London,https://www.hostelworld.com/hosteldetails.php/Keystone-House-Kings-Cross/London/43465
Astor Hyde Park,25678,London,https://www.hostelworld.com/hosteldetails.php/Astor-Hyde-Park/London/25678
"The Dictionary Hostel, Shoreditch, London",61178,London,https://www.hostelworld.com/hosteldetails.php/The-Dictionary-Hostel-Shoreditch-London/London/61178
Saint James Backpackers,70909,London,https://www.hostelworld.com/hosteldetails.php/Saint-James-Backpackers/London/70909
Astor Kensington,523,London,https://www.hostelworld.com/hosteldetails.php/Astor-Kensington/London/523
YHA London Oxford Street,6996,London,https://www.hostelworld.com/hosteldetails.php/YHA-London-Oxford-Street/London/6996
St Christopher's Inn - London Bridge,503,London,https://www.hostelworld.com/hosteldetails.php/St-Christopher-s-Inn-London-Bridge/London/503
The Walrus Hostel,58378,London,https://www.hostelworld.com/hosteldetails.php/The-Walrus-Hostel/London/58378
Via Limehouse,100584,London,https://www.hostelworld.com/hosteldetails.php/Via-Limehouse/London/100584
MEININGER London Hyde Park,17414,London,https://www.hostelworld.com/hosteldetails.php/MEININGER-London-Hyde-Park/London/17414
No.8 Seven Sisters,91108,London,https://www.hostelworld.com/hosteldetails.php/No-8-Seven-Sisters/London/91108
St Christopher's Camden,505,London,https://www.hostelworld.com/hosteldetails.php/St-Christopher-s-Camden/London/505
The Hurdwick,285882,London,https://www.hostelworld.com/hosteldetails.php/The-Hurdwick/London/285882
No.8 Willesden Hostel London,18420,London,https://www.hostelworld.com/hosteldetails.php/No-8-Willesden-Hostel-London/London/18420
YHA London Central,23598,London,https://www.hostelworld.com/hosteldetails.php/YHA-London-Central/London/23598
Gallery Hyde Park,73177,London,https://www.hostelworld.com/hosteldetails.php/Gallery-Hyde-Park/London/73177
Phoenix Hostel,48221,London,https://www.hostelworld.com/hosteldetails.php/Phoenix-Hostel/London/48221
St Christopher's Hammersmith,20976,London,https://www.hostelworld.com/hosteldetails.php/St-Christopher-s-Hammersmith/London/20976
YHA London St Pancras,7010,London,https://www.hostelworld.com/hosteldetails.php/YHA-London-St-Pancras/London/7010
Central Hostel,5159,London,https://www.hostelworld.com/hosteldetails.php/Central-Hostel/London/5159
No.8 at The White Horse,268091,London,https://www.hostelworld.com/hosteldetails.php/No-8-at-The-White-Horse/London/268091
Via London,265813,London,https://www.hostelworld.com/hosteldetails.php/Via-London/London/265813
London Backpackers,527,London,https://www.hostelworld.com/hosteldetails.php/London-Backpackers/London/527
Abercorn House,34216,London,https://www.hostelworld.com/hosteldetails.php/Abercorn-House/London/34216
Barmy Badger Backpackers,64746,London,https://www.hostelworld.com/hosteldetails.php/Barmy-Badger-Backpackers/London/64746
Destinations at The Rose & Crown,62973,London,https://www.hostelworld.com/hosteldetails.php/Destinations-at-The-Rose-and-Crown/London/62973
Park Villa,98066,London,https://www.hostelworld.com/hosteldetails.php/Park-Villa/London/98066
St Christopher's Inn - Liverpool Street,271698,London,https://www.hostelworld.com/hosteldetails.php/St-Christopher-s-Inn-Liverpool-Street/London/271698
St Christopher's Greenwich,501,London,https://www.hostelworld.com/hosteldetails.php/St-Christopher-s-Greenwich/London/501
London Waterloo Hostel,39493,London,https://www.hostelworld.com/hosteldetails.php/London-Waterloo-Hostel/London/39493
Safestay London Kensington Holland Park,93920,London,https://www.hostelworld.com/hosteldetails.php/Safestay-London-Kensington-Holland-Park/London/93920
Smart Russell Square Hostel,29412,London,https://www.hostelworld.com/hosteldetails.php/Smart-Russell-Square-Hostel/London/29412
Venture Hostel,14746,London,https://www.hostelworld.com/hosteldetails.php/Venture-Hostel/London/14746
St Christopher's Shepherds Bush,506,London,https://www.hostelworld.com/hosteldetails.php/St-Christopher-s-Shepherds-Bush/London/506
The London Home Hostel,80690,London,https://www.hostelworld.com/hosteldetails.php/The-London-Home-Hostel/London/80690
Dover Castle Hostel and Bar,530,London,https://www.hostelworld.com/hosteldetails.php/Dover-Castle-Hostel-and-Bar/London/530
Pickwick Hall,7502,London,https://www.hostelworld.com/hosteldetails.php/Pickwick-Hall/London/7502
Queen Elizabeth Chelsea,50443,London,https://www.hostelworld.com/hosteldetails.php/Queen-Elizabeth-Chelsea/London/50443
The Horse and Stables,81959,London,https://www.hostelworld.com/hosteldetails.php/The-Horse-and-Stables/London/81959
Prime Backpackers Angel,93902,London,https://www.hostelworld.com/hosteldetails.php/Prime-Backpackers-Angel/London/93902
St Christopher's Oasis-Female Only,504,London,https://www.hostelworld.com/hosteldetails.php/St-Christopher-s-Oasis-Female-Only/London/504
247london Hostel and Private Rooms,64523,London,https://www.hostelworld.com/hosteldetails.php/247london-Hostel-and-Private-Rooms/London/64523
Home London,8364,London,https://www.hostelworld.com/hosteldetails.php/Home-London/London/8364
Green Rooms,271479,London,https://www.hostelworld.com/hosteldetails.php/Green-Rooms/London/271479
Pride of Paddington,48393,London,https://www.hostelworld.com/hosteldetails.php/Pride-of-Paddington/London/48393
Atlas Hostels,79008,London,https://www.hostelworld.com/hosteldetails.php/Atlas-Hostels/London/79008
Smart Hyde Park View Hostel,8069,London,https://www.hostelworld.com/hosteldetails.php/Smart-Hyde-Park-View-Hostel/London/8069
YHA London St Pauls,6977,London,https://www.hostelworld.com/hosteldetails.php/YHA-London-St-Pauls/London/6977
International Students  House,515,London,https://www.hostelworld.com/hosteldetails.php/International-Students-House/London/515
"PubLove @ The Crown, Battersea",60336,London,https://www.hostelworld.com/hosteldetails.php/PubLove-The-Crown-Battersea/London/60336
Budget London Apartments,11493,London,https://www.hostelworld.com/hosteldetails.php/Budget-London-Apartments/London/11493
Strand Continental,51118,London,https://www.hostelworld.com/hosteldetails.php/Strand-Continental/London/51118
The Backpackshack,63112,London,https://www.hostelworld.com/hosteldetails.php/The-Backpackshack/London/63112
Smart Hyde Park Inn Hostel,517,London,https://www.hostelworld.com/hosteldetails.php/Smart-Hyde-Park-Inn-Hostel/London/517
The Lodge at Crystal Palace,46276,London,https://www.hostelworld.com/hosteldetails.php/The-Lodge-at-Crystal-Palace/London/46276
Chelsea House Hotel,35496,London,https://www.hostelworld.com/hosteldetails.php/Chelsea-House-Hotel/London/35496
"PubLove @ The Green Man, Paddington",21953,London,https://www.hostelworld.com/hosteldetails.php/PubLove-The-Green-Man-Paddington/London/21953
New Cross Inn Hostel,15204,London,https://www.hostelworld.com/hosteldetails.php/New-Cross-Inn-Hostel/London/15204
Smart Camden Inn Hostel,596,London,https://www.hostelworld.com/hosteldetails.php/Smart-Camden-Inn-Hostel/London/596
YHA London Thameside,7000,London,https://www.hostelworld.com/hosteldetails.php/YHA-London-Thameside/London/7000
"PubLove @ The White Ferry, Victoria",39761,London,https://www.hostelworld.com/hosteldetails.php/PubLove-The-White-Ferry-Victoria/London/39761
The Finnish Church in London,80791,London,https://www.hostelworld.com/hosteldetails.php/The-Finnish-Church-in-London/London/80791
"PubLove @ The Exmouth Arms, Euston",93796,London,https://www.hostelworld.com/hosteldetails.php/PubLove-The-Exmouth-Arms-Euston/London/93796
Aquarius Hotel,278554,London,https://www.hostelworld.com/hosteldetails.php/Aquarius-Hotel/London/278554
"PubLove @ The Steam Engine, Waterloo",29389,London,https://www.hostelworld.com/hosteldetails.php/PubLove-The-Steam-Engine-Waterloo/London/29389
London365 Hostel,61114,London,https://www.hostelworld.com/hosteldetails.php/London365-Hostel/London/61114
Antigallican Hotel,18780,London,https://www.hostelworld.com/hosteldetails.php/Antigallican-Hotel/London/18780
Hootananny Hostel,24068,London,https://www.hostelworld.com/hosteldetails.php/Hootananny-Hostel/London/24068
Kensal Green Backpackers,4483,London,https://www.hostelworld.com/hosteldetails.php/Kensal-Green-Backpackers/London/4483
Jaeger Acton Hostel,15584,London,https://www.hostelworld.com/hosteldetails.php/Jaeger-Acton-Hostel/London/15584
Barkston Rooms,81305,London,https://www.hostelworld.com/hosteldetails.php/Barkston-Rooms/London/81305
ALL STAR PRIVATE STUDIOS,24709,London,https://www.hostelworld.com/hosteldetails.php/ALL-STAR-PRIVATE-STUDIOS/London/24709
Blue Skies Hostel,48530,London,https://www.hostelworld.com/hosteldetails.php/Blue-Skies-Hostel/London/48530
Le Junction Hostel - Pub & Garden,90013,London,https://www.hostelworld.com/hosteldetails.php/Le-Junction-Hostel-Pub-and-Garden/London/90013
Chester Hotel Victoria,24750,London,https://www.hostelworld.com/hosteldetails.php/Chester-Hotel-Victoria/London/24750
Mapesbury Hostel,19667,London,https://www.hostelworld.com/hosteldetails.php/Mapesbury-Hostel/London/19667
Holland House,7078,London,https://www.hostelworld.com/hosteldetails.php/Holland-House/London/7078
YHA London Earls Court,6981,London,https://www.hostelworld.com/hosteldetails.php/YHA-London-Earls-Court/London/6981
Heathrow Hostel,64089,London,https://www.hostelworld.com/hosteldetails.php/Heathrow-Hostel/London/64089
"PubLove @ The Great Eastern, Greenwich",48268,London,https://www.hostelworld.com/hosteldetails.php/PubLove-The-Great-Eastern-Greenwich/London/48268
Acacia Hostel,6167,London,https://www.hostelworld.com/hosteldetails.php/Acacia-Hostel/London/6167
Metro Hotel,8505,London,https://www.hostelworld.com/hosteldetails.php/Metro-Hotel/London/8505
Northfields Hostel,34115,London,https://www.hostelworld.com/hosteldetails.php/Northfields-Hostel/London/34115
Heathrow Lodge,24900,London,https://www.hostelworld.com/hosteldetails.php/Heathrow-Lodge/London/24900
Best London Hostels,72053,London,https://www.hostelworld.com/hosteldetails.php/Best-London-Hostels/London/72053
St George Hotel,8507,London,https://www.hostelworld.com/hosteldetails.php/St-George-Hotel/London/8507
Enrico Hotel,5585,London,https://www.hostelworld.com/hosteldetails.php/Enrico-Hotel/London/5585
Hotel Bluebells,96186,London,https://www.hostelworld.com/hosteldetails.php/Hotel-Bluebells/London/96186
Marble Arch Inn,13337,London,https://www.hostelworld.com/hosteldetails.php/Marble-Arch-Inn/London/13337
The Ambassador Heathrow Hotel,21896,London,https://www.hostelworld.com/hosteldetails.php/The-Ambassador-Heathrow-Hotel/London/21896
Sandeman Allen,14555,London,https://www.hostelworld.com/hosteldetails.php/Sandeman-Allen/London/14555
247 London Studios,84154,London,https://www.hostelworld.com/hosteldetails.php/247-London-Studios/London/84154
Dean Court,101860,London,https://www.hostelworld.com/hosteldetails.php/Dean-Court/London/101860
Kip Hotel,266789,London,https://www.hostelworld.com/hosteldetails.php/Kip-Hotel/London/266789
Hyde Park Superior Apartments,271903,London,https://www.hostelworld.com/hosteldetails.php/Hyde-Park-Superior-Apartments/London/271903
Central Park Hotel,284176,London,https://www.hostelworld.com/hosteldetails.php/Central-Park-Hotel/London/284176
Tony's House Hotel,8503,London,https://www.hostelworld.com/hosteldetails.php/Tony-s-House-Hotel/London/8503
MacDonald Hotel,4077,London,https://www.hostelworld.com/hosteldetails.php/MacDonald-Hotel/London/4077
23 Matheson Road,290938,London,https://www.hostelworld.com/hosteldetails.php/23-Matheson-Road/London/290938
Paramount Hotel,290937,London,https://www.hostelworld.com/hosteldetails.php/Paramount-Hotel/London/290937
Barry House,287321,London,https://www.hostelworld.com/hosteldetails.php/Barry-House/London/287321
OneRoom,290503,London,https://www.hostelworld.com/hosteldetails.php/OneRoom/London/290503
Hyde Park Court Hotel,5107,London,https://www.hostelworld.com/hosteldetails.php/Hyde-Park-Court-Hotel/London/5107
The Crystal Lodge Hotel,96148,London,https://www.hostelworld.com/hosteldetails.php/The-Crystal-Lodge-Hotel/London/96148
Elmwood Hotel,34338,London,https://www.hostelworld.com/hosteldetails.php/Elmwood-Hotel/London/34338
The W14 Hotel & Bar,50220,London,https://www.hostelworld.com/hosteldetails.php/The-W14-Hotel-and-Bar/London/50220
Halpin House,89408,London,https://www.hostelworld.com/hosteldetails.php/Halpin-House/London/89408
Euro Hotel Hammersmith,83156,London,https://www.hostelworld.com/hosteldetails.php/Euro-Hotel-Hammersmith/London/83156
Heathrow LHR Apartments,284380,London,https://www.hostelworld.com/hosteldetails.php/Heathrow-LHR-Apartments/London/284380
London Town Hotel,32376,London,https://www.hostelworld.com/hosteldetails.php/London-Town-Hotel/London/32376
Sara Hotel,6345,London,https://www.hostelworld.com/hosteldetails.php/Sara-Hotel/London/6345
Arinza Hotel,266580,London,https://www.hostelworld.com/hosteldetails.php/Arinza-Hotel/London/266580
City Hotel Carlton,27551,London,https://www.hostelworld.com/hosteldetails.php/City-Hotel-Carlton/London/27551
Belsize House,4399,London,https://www.hostelworld.com/hosteldetails.php/Belsize-House/London/4399
Balham Lodge,19933,London,https://www.hostelworld.com/hosteldetails.php/Balham-Lodge/London/19933
Kensington West,21368,London,https://www.hostelworld.com/hosteldetails.php/Kensington-West/London/21368
Imperial Court Suites,270842,London,https://www.hostelworld.com/hosteldetails.php/Imperial-Court-Suites/London/270842
Revive Lodge,30189,London,https://www.hostelworld.com/hosteldetails.php/Revive-Lodge/London/30189
Beaconsfield,11708,London,https://www.hostelworld.com/hosteldetails.php/Beaconsfield/London/11708
Fairway Hotel,81121,London,https://www.hostelworld.com/hosteldetails.php/Fairway-Hotel/London/81121
London Wembley International Hotel,26351,London,https://www.hostelworld.com/hosteldetails.php/London-Wembley-International-Hotel/London/26351
Leinster House,89407,London,https://www.hostelworld.com/hosteldetails.php/Leinster-House/London/89407
Surtees,13266,London,https://www.hostelworld.com/hosteldetails.php/Surtees/London/13266
The Dover,267341,London,https://www.hostelworld.com/hosteldetails.php/The-Dover/London/267341
Best Western Boltons London Kensington,266666,London,https://www.hostelworld.com/hosteldetails.php/Best-Western-Boltons-London-Kensington/London/266666
Lord Kensington Hotel,8781,London,https://www.hostelworld.com/hosteldetails.php/Lord-Kensington-Hotel/London/8781
Hanover Hotel,6252,London,https://www.hostelworld.com/hosteldetails.php/Hanover-Hotel/London/6252
Belgrave Hotel London,268771,London,https://www.hostelworld.com/hosteldetails.php/Belgrave-Hotel-London/London/268771
Curzon House Hotel,7240,London,https://www.hostelworld.com/hosteldetails.php/Curzon-House-Hotel/London/7240
Imperial Court Studios,271904,London,https://www.hostelworld.com/hosteldetails.php/Imperial-Court-Studios/London/271904
Goddis Lodge,70632,London,https://www.hostelworld.com/hosteldetails.php/Goddis-Lodge/London/70632
The Old Crown Inn,266093,London,https://www.hostelworld.com/hosteldetails.php/The-Old-Crown-Inn/London/266093
Rowan Park Lodge,64300,London,https://www.hostelworld.com/hosteldetails.php/Rowan-Park-Lodge/London/64300
Royal Hyde Park Hotel,34048,London,https://www.hostelworld.com/hosteldetails.php/Royal-Hyde-Park-Hotel/London/34048
Victor Hotel,76699,London,https://www.hostelworld.com/hosteldetails.php/Victor-Hotel/London/76699
Belgravia Rooms,4819,London,https://www.hostelworld.com/hosteldetails.php/Belgravia-Rooms/London/4819
Ridgeway Hotel,82826,London,https://www.hostelworld.com/hosteldetails.php/Ridgeway-Hotel/London/82826
Kings Cross Guesthouse,81486,London,https://www.hostelworld.com/hosteldetails.php/Kings-Cross-Guesthouse/London/81486
Vegas Hotel,8267,London,https://www.hostelworld.com/hosteldetails.php/Vegas-Hotel/London/8267
Astor Court Hotel,58809,London,https://www.hostelworld.com/hosteldetails.php/Astor-Court-Hotel/London/58809
Airways Hotel Victoria London,16289,London,https://www.hostelworld.com/hosteldetails.php/Airways-Hotel-Victoria-London/London/16289
Princes Square Hotel,35590,London,https://www.hostelworld.com/hosteldetails.php/Princes-Square-Hotel/London/35590
Elephant Lodge,89763,London,https://www.hostelworld.com/hosteldetails.php/Elephant-Lodge/London/89763
Access Camden,267890,London,https://www.hostelworld.com/hosteldetails.php/Access-Camden/London/267890
Accommodation London Bridge,269344,London,https://www.hostelworld.com/hosteldetails.php/Accommodation-London-Bridge/London/269344
Access Paddington,274823,London,https://www.hostelworld.com/hosteldetails.php/Access-Paddington/London/274823
Access Maida Vale North,274829,London,https://www.hostelworld.com/hosteldetails.php/Access-Maida-Vale-North/London/274829
Access Kensington Olympia,272716,London,https://www.hostelworld.com/hosteldetails.php/Access-Kensington-Olympia/London/272716
Spacious 1 Bed Apartment with River Thames Views,272107,London,https://www.hostelworld.com/hosteldetails.php/Spacious-1-Bed-Apartment-with-River-Thames-Views/London/272107
Access City,271429,London,https://www.hostelworld.com/hosteldetails.php/Access-City/London/271429
Access Farringdon,274824,London,https://www.hostelworld.com/hosteldetails.php/Access-Farringdon/London/274824
Access Shepherd's Bush,274822,London,https://www.hostelworld.com/hosteldetails.php/Access-Shepherd-s-Bush/London/274822
London House Hotel,529,London,https://www.hostelworld.com/hosteldetails.php/London-House-Hotel/London/529
Access Euston,274828,London,https://www.hostelworld.com/hosteldetails.php/Access-Euston/London/274828
Access Maida Vale,274827,London,https://www.hostelworld.com/hosteldetails.php/Access-Maida-Vale/London/274827
Access Bloomsbury,266057,London,https://www.hostelworld.com/hosteldetails.php/Access-Bloomsbury/London/266057
Access Earl's Court,274825,London,https://www.hostelworld.com/hosteldetails.php/Access-Earl-s-Court/London/274825
